profile,values
11111,1.0000
11112,0.9142
11113,0.8206
11114,0.5682
11115,0.5032
11121,0.9556
11122,0.8763
11123,0.7892
11124,0.5433
11125,0.4848
11131,0.8553
11132,0.7825
11133,0.7019
11134,0.4625
11135,0.4105
11141,0.5212
11142,0.4549
11143,0.3808
11144,0.1479
11145,0.1024
11151,0.4278
11152,0.3680
11153,0.3004
11154,0.0740
11155,0.0350
11211,0.9303
11212,0.8445
11213,0.7509
11214,0.4985
11215,0.4334
11221,0.8859
11222,0.8066
11223,0.7195
11224,0.4736
11225,0.4151
11231,0.7856
11232,0.7128
11233,0.6322
11234,0.3928
11235,0.3408
11241,0.4514
11242,0.3852
11243,0.3111
11244,0.0782
11245,0.0327
11251,0.3580
11252,0.2982
11253,0.2307
11254,0.0043
11255,-0.0347
11311,0.8729
11312,0.7871
11313,0.6935
11314,0.4411
11315,0.3761
11321,0.8285
11322,0.7492
11323,0.6621
11324,0.4162
11325,0.3577
11331,0.7282
11332,0.6554
11333,0.5748
11334,0.3354
11335,0.2834
11341,0.3941
11342,0.3278
11343,0.2537
11344,0.0208
11345,-0.0247
11351,0.3007
11352,0.2409
11353,0.1733
11354,-0.0531
11355,-0.0921
11411,0.7538
11412,0.6680
11413,0.5744
11414,0.3220
11415,0.2570
11421,0.7094
11422,0.6301
11423,0.5430
11424,0.2971
11425,0.2386
11431,0.6091
11432,0.5363
11433,0.4557
11434,0.2163
11435,0.1643
11441,0.2750
11442,0.2087
11443,0.1346
11444,-0.0983
11445,-0.1438
11451,0.1816
11452,0.1218
11453,0.0542
11454,-0.1722
11455,-0.2112
11511,0.7223
11512,0.6366
11513,0.5429
11514,0.2905
11515,0.2255
11521,0.6779
11522,0.5987
11523,0.5116
11524,0.2657
11525,0.2072
11531,0.5776
11532,0.5049
11533,0.4243
11534,0.1849
11535,0.1329
11541,0.2435
11542,0.1772
11543,0.1031
11544,-0.1297
11545,-0.1752
11551,0.1501
11552,0.0903
11553,0.0227
11554,-0.2036
11555,-0.2426
12111,0.9367
12112,0.8509
12113,0.7573
12114,0.5049
12115,0.4399
12121,0.8923
12122,0.8130
12123,0.7259
12124,0.4800
12125,0.4215
12131,0.7920
12132,0.7192
12133,0.6386
12134,0.3992
12135,0.3472
12141,0.4579
12142,0.3916
12143,0.3175
12144,0.0846
12145,0.0391
12151,0.3645
12152,0.3047
12153,0.2371
12154,0.0107
12155,-0.0283
12211,0.8670
12212,0.7812
12213,0.6876
12214,0.4352
12215,0.3701
12221,0.8226
12222,0.7433
12223,0.6562
12224,0.4103
12225,0.3518
12231,0.7223
12232,0.6495
12233,0.5689
12234,0.3295
12235,0.2775
12241,0.3881
12242,0.3219
12243,0.2478
12244,0.0149
12245,-0.0306
12251,0.2947
12252,0.2349
12253,0.1674
12254,-0.0590
12255,-0.0980
12311,0.8096
12312,0.7238
12313,0.6302
12314,0.3778
12315,0.3128
12321,0.7652
12322,0.6859
12323,0.5988
12324,0.3529
12325,0.2944
12331,0.6649
12332,0.5921
12333,0.5115
12334,0.2721
12335,0.2201
12341,0.3308
12342,0.2645
12343,0.1904
12344,-0.0425
12345,-0.0880
12351,0.2374
12352,0.1776
12353,0.1100
12354,-0.1164
12355,-0.1554
12411,0.6905
12412,0.6047
12413,0.5111
12414,0.2587
12415,0.1937
12421,0.6461
12422,0.5668
12423,0.4797
12424,0.2338
12425,0.1753
12431,0.5458
12432,0.4730
12433,0.3924
12434,0.1530
12435,0.1010
12441,0.2117
12442,0.1454
12443,0.0713
12444,-0.1616
12445,-0.2071
12451,0.1183
12452,0.0585
12453,-0.0091
12454,-0.2355
12455,-0.2745
12511,0.6590
12512,0.5733
12513,0.4796
12514,0.2272
12515,0.1622
12521,0.6147
12522,0.5354
12523,0.4483
12524,0.2024
12525,0.1439
12531,0.5143
12532,0.4416
12533,0.3610
12534,0.1216
12535,0.0696
12541,0.1802
12542,0.1140
12543,0.0398
12544,-0.1930
12545,-0.2385
12551,0.0868
12552,0.0270
12553,-0.0406
12554,-0.2669
12555,-0.3059
13111,0.8792
13112,0.7934
13113,0.6998
13114,0.4474
13115,0.3824
13121,0.8348
13122,0.7555
13123,0.6684
13124,0.4225
13125,0.3640
13131,0.7345
13132,0.6617
13133,0.5811
13134,0.3417
13135,0.2897
13141,0.4004
13142,0.3341
13143,0.2600
13144,0.0271
13145,-0.0184
13151,0.3069
13152,0.2472
13153,0.1796
13154,-0.0468
13155,-0.0858
13211,0.8094
13212,0.7237
13213,0.6300
13214,0.3776
13215,0.3126
13221,0.7651
13222,0.6858
13223,0.5987
13224,0.3528
13225,0.2943
13231,0.6647
13232,0.5920
13233,0.5114
13234,0.2720
13235,0.2200
13241,0.3306
13242,0.2644
13243,0.1902
13244,-0.0426
13245,-0.0881
13251,0.2372
13252,0.1774
13253,0.1098
13254,-0.1165
13255,-0.1555
13311,0.7521
13312,0.6663
13313,0.5727
13314,0.3203
13315,0.2553
13321,0.7077
13322,0.6284
13323,0.5413
13324,0.2954
13325,0.2369
13331,0.6074
13332,0.5346
13333,0.4540
13334,0.2146
13335,0.1626
13341,0.2733
13342,0.2070
13343,0.1329
13344,-0.1000
13345,-0.1455
13351,0.1798
13352,0.1201
13353,0.0525
13354,-0.1739
13355,-0.2129
13411,0.6330
13412,0.5472
13413,0.4536
13414,0.2012
13415,0.1362
13421,0.5886
13422,0.5093
13423,0.4222
13424,0.1763
13425,0.1178
13431,0.4883
13432,0.4155
13433,0.3349
13434,0.0955
13435,0.0435
13441,0.1542
13442,0.0879
13443,0.0138
13444,-0.2191
13445,-0.2646
13451,0.0607
13452,0.0010
13453,-0.0666
13454,-0.2930
13455,-0.3320
13511,0.6015
13512,0.5157
13513,0.4221
13514,0.1697
13515,0.1047
13521,0.5571
13522,0.4779
13523,0.3907
13524,0.1448
13525,0.0863
13531,0.4568
13532,0.3840
13533,0.3034
13534,0.0641
13535,0.0120
13541,0.1227
13542,0.0564
13543,-0.0177
13544,-0.2506
13545,-0.2961
13551,0.0293
13552,-0.0305
13553,-0.0981
13554,-0.3245
13555,-0.3635
14111,0.7261
14112,0.6403
14113,0.5467
14114,0.2943
14115,0.2292
14121,0.6817
14122,0.6024
14123,0.5153
14124,0.2694
14125,0.2109
14131,0.5814
14132,0.5086
14133,0.4280
14134,0.1886
14135,0.1366
14141,0.2472
14142,0.1810
14143,0.1069
14144,-0.1260
14145,-0.1715
14151,0.1538
14152,0.0940
14153,0.0265
14154,-0.1999
14155,-0.2389
14211,0.6563
14212,0.5705
14213,0.4769
14214,0.2245
14215,0.1595
14221,0.6119
14222,0.5326
14223,0.4455
14224,0.1996
14225,0.1411
14231,0.5116
14232,0.4388
14233,0.3582
14234,0.1188
14235,0.0668
14241,0.1775
14242,0.1112
14243,0.0371
14244,-0.1958
14245,-0.2413
14251,0.0841
14252,0.0243
14253,-0.0433
14254,-0.2697
14255,-0.3087
14311,0.5990
14312,0.5132
14313,0.4196
14314,0.1672
14315,0.1021
14321,0.5546
14322,0.4753
14323,0.3882
14324,0.1423
14325,0.0838
14331,0.4543
14332,0.3815
14333,0.3009
14334,0.0615
14335,0.0095
14341,0.1201
14342,0.0539
14343,-0.0202
14344,-0.2531
14345,-0.2986
14351,0.0267
14352,-0.0331
14353,-0.1007
14354,-0.3270
14355,-0.3660
14411,0.4799
14412,0.3941
14413,0.3005
14414,0.0481
14415,-0.0170
14421,0.4355
14422,0.3562
14423,0.2691
14424,0.0232
14425,-0.0353
14431,0.3352
14432,0.2624
14433,0.1818
14434,-0.0576
14435,-0.1096
14441,0.0010
14442,-0.0652
14443,-0.1393
14444,-0.3722
14445,-0.4177
14451,-0.0924
14452,-0.1522
14453,-0.2197
14454,-0.4461
14455,-0.4851
14511,0.4484
14512,0.3626
14513,0.2690
14514,0.0166
14515,-0.0484
14521,0.4040
14522,0.3247
14523,0.2376
14524,-0.0083
14525,-0.0668
14531,0.3037
14532,0.2309
14533,0.1503
14534,-0.0891
14535,-0.1411
14541,-0.0304
14542,-0.0967
14543,-0.1708
14544,-0.4037
14545,-0.4492
14551,-0.1238
14552,-0.1836
14553,-0.2512
14554,-0.4776
14555,-0.5166
15111,0.6716
15112,0.5858
15113,0.4922
15114,0.2398
15115,0.1747
15121,0.6272
15122,0.5479
15123,0.4608
15124,0.2149
15125,0.1564
15131,0.5269
15132,0.4541
15133,0.3735
15134,0.1341
15135,0.0821
15141,0.1927
15142,0.1265
15143,0.0524
15144,-0.1805
15145,-0.2260
15151,0.0993
15152,0.0396
15153,-0.0280
15154,-0.2544
15155,-0.2934
15211,0.6018
15212,0.5160
15213,0.4224
15214,0.1700
15215,0.1050
15221,0.5574
15222,0.4781
15223,0.3910
15224,0.1451
15225,0.0866
15231,0.4571
15232,0.3843
15233,0.3037
15234,0.0643
15235,0.0123
15241,0.1230
15242,0.0567
15243,-0.0174
15244,-0.2503
15245,-0.2958
15251,0.0296
15252,-0.0302
15253,-0.0978
15254,-0.3242
15255,-0.3632
15311,0.5445
15312,0.4587
15313,0.3651
15314,0.1127
15315,0.0476
15321,0.5001
15322,0.4208
15323,0.3337
15324,0.0878
15325,0.0293
15331,0.3998
15332,0.3270
15333,0.2464
15334,0.0070
15335,-0.0450
15341,0.0656
15342,-0.0006
15343,-0.0747
15344,-0.3076
15345,-0.3531
15351,-0.0278
15352,-0.0876
15353,-0.1551
15354,-0.3815
15355,-0.4205
15411,0.4254
15412,0.3396
15413,0.2460
15414,-0.0064
15415,-0.0715
15421,0.3810
15422,0.3017
15423,0.2146
15424,-0.0313
15425,-0.0898
15431,0.2807
15432,0.2079
15433,0.1273
15434,-0.1121
15435,-0.1641
15441,-0.0535
15442,-0.1197
15443,-0.1938
15444,-0.4267
15445,-0.4722
15451,-0.1469
15452,-0.2067
15453,-0.2742
15454,-0.5006
15455,-0.5396
15511,0.3939
15512,0.3081
15513,0.2145
15514,-0.0379
15515,-0.1029
15521,0.3495
15522,0.2702
15523,0.1831
15524,-0.0628
15525,-0.1213
15531,0.2492
15532,0.1764
15533,0.0958
15534,-0.1436
15535,-0.1956
15541,-0.0849
15542,-0.1512
15543,-0.2253
15544,-0.4582
15545,-0.5037
15551,-0.1783
15552,-0.2381
15553,-0.3057
15554,-0.5321
15555,-0.5711
21111,0.9348
21112,0.8560
21113,0.7693
21114,0.5239
21115,0.4658
21121,0.8905
21122,0.8181
21123,0.7379
21124,0.4990
21125,0.4474
21131,0.7901
21132,0.7243
21133,0.6506
21134,0.4182
21135,0.3731
21141,0.4560
21142,0.3967
21143,0.3295
21144,0.1036
21145,0.0650
21151,0.3626
21152,0.3098
21153,0.2491
21154,0.0297
21155,-0.0024
21211,0.8651
21212,0.7863
21213,0.6996
21214,0.4541
21215,0.3960
21221,0.8207
21222,0.7484
21223,0.6682
21224,0.4292
21225,0.3777
21231,0.7204
21232,0.6546
21233,0.5809
21234,0.3484
21235,0.3034
21241,0.3863
21242,0.3269
21243,0.2598
21244,0.0338
21245,-0.0047
21251,0.2929
21252,0.2400
21253,0.1794
21254,-0.0401
21255,-0.0721
21311,0.8077
21312,0.7289
21313,0.6422
21314,0.3968
21315,0.3387
21321,0.7633
21322,0.6910
21323,0.6108
21324,0.3719
21325,0.3203
21331,0.6630
21332,0.5972
21333,0.5235
21334,0.2911
21335,0.2460
21341,0.3289
21342,0.2696
21343,0.2024
21344,-0.0235
21345,-0.0621
21351,0.2355
21352,0.1827
21353,0.1220
21354,-0.0974
21355,-0.1295
21411,0.6886
21412,0.6098
21413,0.5231
21414,0.2777
21415,0.2196
21421,0.6442
21422,0.5719
21423,0.4917
21424,0.2528
21425,0.2012
21431,0.5439
21432,0.4781
21433,0.4044
21434,0.1720
21435,0.1269
21441,0.2098
21442,0.1505
21443,0.0833
21444,-0.1426
21445,-0.1812
21451,0.1164
21452,0.0636
21453,0.0029
21454,-0.2165
21455,-0.2486
21511,0.6572
21512,0.5783
21513,0.4917
21514,0.2462
21515,0.1881
21521,0.6128
21522,0.5404
21523,0.4603
21524,0.2213
21525,0.1698
21531,0.5125
21532,0.4466
21533,0.3730
21534,0.1405
21535,0.0955
21541,0.1784
21542,0.1190
21543,0.0519
21544,-0.1741
21545,-0.2126
21551,0.0849
21552,0.0321
21553,-0.0285
21554,-0.2480
21555,-0.2800
22111,0.8715
22112,0.7927
22113,0.7060
22114,0.4606
22115,0.4025
22121,0.8272
22122,0.7548
22123,0.6746
22124,0.4357
22125,0.3841
22131,0.7268
22132,0.6610
22133,0.5873
22134,0.3549
22135,0.3098
22141,0.3927
22142,0.3334
22143,0.2662
22144,0.0403
22145,0.0017
22151,0.2993
22152,0.2465
22153,0.1858
22154,-0.0336
22155,-0.0657
22211,0.8018
22212,0.7230
22213,0.6363
22214,0.3908
22215,0.3328
22221,0.7574
22222,0.6851
22223,0.6049
22224,0.3659
22225,0.3144
22231,0.6571
22232,0.5913
22233,0.5176
22234,0.2852
22235,0.2401
22241,0.3230
22242,0.2637
22243,0.1965
22244,-0.0295
22245,-0.0680
22251,0.2296
22252,0.1767
22253,0.1161
22254,-0.1034
22255,-0.1354
22311,0.7444
22312,0.6656
22313,0.5789
22314,0.3335
22315,0.2754
22321,0.7000
22322,0.6277
22323,0.5475
22324,0.3086
22325,0.2570
22331,0.5997
22332,0.5339
22333,0.4602
22334,0.2278
22335,0.1827
22341,0.2656
22342,0.2063
22343,0.1391
22344,-0.0868
22345,-0.1254
22351,0.1722
22352,0.1194
22353,0.0587
22354,-0.1607
22355,-0.1928
22411,0.6253
22412,0.5465
22413,0.4598
22414,0.2144
22415,0.1563
22421,0.5810
22422,0.5086
22423,0.4284
22424,0.1895
22425,0.1379
22431,0.4806
22432,0.4148
22433,0.3411
22434,0.1087
22435,0.0636
22441,0.1465
22442,0.0872
22443,0.0200
22444,-0.2059
22445,-0.2445
22451,0.0531
22452,0.0003
22453,-0.0604
22454,-0.2798
22455,-0.3119
22511,0.5939
22512,0.5150
22513,0.4284
22514,0.1829
22515,0.1248
22521,0.5495
22522,0.4772
22523,0.3970
22524,0.1580
22525,0.1065
22531,0.4492
22532,0.3833
22533,0.3097
22534,0.0772
22535,0.0322
22541,0.1151
22542,0.0557
22543,-0.0114
22544,-0.2374
22545,-0.2759
22551,0.0216
22552,-0.0312
22553,-0.0918
22554,-0.3113
22555,-0.3433
23111,0.8140
23112,0.7352
23113,0.6485
23114,0.4030
23115,0.3450
23121,0.7696
23122,0.6973
23123,0.6171
23124,0.3782
23125,0.3266
23131,0.6693
23132,0.6035
23133,0.5298
23134,0.2974
23135,0.2523
23141,0.3352
23142,0.2759
23143,0.2087
23144,-0.0172
23145,-0.0558
23151,0.2418
23152,0.1890
23153,0.1283
23154,-0.0911
23155,-0.1232
23211,0.7443
23212,0.6654
23213,0.5788
23214,0.3333
23215,0.2752
23221,0.6999
23222,0.6276
23223,0.5474
23224,0.3084
23225,0.2569
23231,0.5996
23232,0.5337
23233,0.4601
23234,0.2276
23235,0.1826
23241,0.2655
23242,0.2061
23243,0.1390
23244,-0.0870
23245,-0.1255
23251,0.1720
23252,0.1192
23253,0.0586
23254,-0.1609
23255,-0.1929
23311,0.6869
23312,0.6081
23313,0.5214
23314,0.2759
23315,0.2179
23321,0.6425
23322,0.5702
23323,0.4900
23324,0.2511
23325,0.1995
23331,0.5422
23332,0.4764
23333,0.4027
23334,0.1703
23335,0.1252
23341,0.2081
23342,0.1488
23343,0.0816
23344,-0.1443
23345,-0.1829
23351,0.1147
23352,0.0619
23353,0.0012
23354,-0.2182
23355,-0.2503
23411,0.5678
23412,0.4890
23413,0.4023
23414,0.1568
23415,0.0988
23421,0.5234
23422,0.4511
23423,0.3709
23424,0.1320
23425,0.0804
23431,0.4231
23432,0.3573
23433,0.2836
23434,0.0512
23435,0.0061
23441,0.0890
23442,0.0297
23443,-0.0375
23444,-0.2634
23445,-0.3020
23451,-0.0044
23452,-0.0572
23453,-0.1179
23454,-0.3373
23455,-0.3694
23511,0.5364
23512,0.4575
23513,0.3708
23514,0.1254
23515,0.0673
23521,0.4920
23522,0.4196
23523,0.3395
23524,0.1005
23525,0.0489
23531,0.3917
23532,0.3258
23533,0.2522
23534,0.0197
23535,-0.0253
23541,0.0575
23542,-0.0018
23543,-0.0689
23544,-0.2949
23545,-0.3334
23551,-0.0359
23552,-0.0887
23553,-0.1494
23554,-0.3688
23555,-0.4009
24111,0.6609
24112,0.5821
24113,0.4954
24114,0.2499
24115,0.1919
24121,0.6165
24122,0.5442
24123,0.4640
24124,0.2250
24125,0.1735
24131,0.5162
24132,0.4504
24133,0.3767
24134,0.1443
24135,0.0992
24141,0.1821
24142,0.1228
24143,0.0556
24144,-0.1704
24145,-0.2089
24151,0.0887
24152,0.0358
24153,-0.0248
24154,-0.2443
24155,-0.2763
24211,0.5912
24212,0.5123
24213,0.4256
24214,0.1802
24215,0.1221
24221,0.5468
24222,0.4744
24223,0.3943
24224,0.1553
24225,0.1037
24231,0.4465
24232,0.3806
24233,0.3070
24234,0.0745
24235,0.0294
24241,0.1123
24242,0.0530
24243,-0.0142
24244,-0.2401
24245,-0.2787
24251,0.0189
24252,-0.0339
24253,-0.0946
24254,-0.3140
24255,-0.3461
24311,0.5338
24312,0.4550
24313,0.3683
24314,0.1228
24315,0.0647
24321,0.4894
24322,0.4171
24323,0.3369
24324,0.0979
24325,0.0464
24331,0.3891
24332,0.3233
24333,0.2496
24334,0.0171
24335,-0.0279
24341,0.0550
24342,-0.0044
24343,-0.0715
24344,-0.2975
24345,-0.3360
24351,-0.0384
24352,-0.0913
24353,-0.1519
24354,-0.3714
24355,-0.4034
24411,0.4147
24412,0.3359
24413,0.2492
24414,0.0037
24415,-0.0544
24421,0.3703
24422,0.2980
24423,0.2178
24424,-0.0212
24425,-0.0727
24431,0.2700
24432,0.2042
24433,0.1305
24434,-0.1019
24435,-0.1470
24441,-0.0641
24442,-0.1235
24443,-0.1906
24444,-0.4166
24445,-0.4551
24451,-0.1575
24452,-0.2104
24453,-0.2710
24454,-0.4905
24455,-0.5225
24511,0.3832
24512,0.3044
24513,0.2177
24514,-0.0277
24515,-0.0858
24521,0.3389
24522,0.2665
24523,0.1863
24524,-0.0526
24525,-0.1042
24531,0.2385
24532,0.1727
24533,0.0990
24534,-0.1334
24535,-0.1785
24541,-0.0956
24542,-0.1549
24543,-0.2221
24544,-0.4480
24545,-0.4866
24551,-0.1890
24552,-0.2418
24553,-0.3025
24554,-0.5219
24555,-0.5540
25111,0.6064
25112,0.5276
25113,0.4409
25114,0.1954
25115,0.1374
25121,0.5620
25122,0.4897
25123,0.4095
25124,0.1705
25125,0.1190
25131,0.4617
25132,0.3959
25133,0.3222
25134,0.0898
25135,0.0447
25141,0.1276
25142,0.0683
25143,0.0011
25144,-0.2249
25145,-0.2634
25151,0.0342
25152,-0.0187
25153,-0.0793
25154,-0.2988
25155,-0.3308
25211,0.5367
25212,0.4578
25213,0.3711
25214,0.1257
25215,0.0676
25221,0.4923
25222,0.4199
25223,0.3398
25224,0.1008
25225,0.0492
25231,0.3920
25232,0.3261
25233,0.2525
25234,0.0200
25235,-0.0251
25241,0.0578
25242,-0.0015
25243,-0.0686
25244,-0.2946
25245,-0.3332
25251,-0.0356
25252,-0.0884
25253,-0.1491
25254,-0.3685
25255,-0.4006
25311,0.4793
25312,0.4005
25313,0.3138
25314,0.0683
25315,0.0102
25321,0.4349
25322,0.3626
25323,0.2824
25324,0.0434
25325,-0.0081
25331,0.3346
25332,0.2688
25333,0.1951
25334,-0.0374
25335,-0.0824
25341,0.0005
25342,-0.0589
25343,-0.1260
25344,-0.3520
25345,-0.3905
25351,-0.0929
25352,-0.1458
25353,-0.2064
25354,-0.4259
25355,-0.4579
25411,0.3602
25412,0.2814
25413,0.1947
25414,-0.0508
25415,-0.1088
25421,0.3158
25422,0.2435
25423,0.1633
25424,-0.0757
25425,-0.1272
25431,0.2155
25432,0.1497
25433,0.0760
25434,-0.1564
25435,-0.2015
25441,-0.1186
25442,-0.1779
25443,-0.2451
25444,-0.4711
25445,-0.5096
25451,-0.2120
25452,-0.2649
25453,-0.3255
25454,-0.5450
25455,-0.5770
25511,0.3287
25512,0.2499
25513,0.1632
25514,-0.0822
25515,-0.1403
25521,0.2844
25522,0.2120
25523,0.1318
25524,-0.1071
25525,-0.1587
25531,0.1840
25532,0.1182
25533,0.0445
25534,-0.1879
25535,-0.2330
25541,-0.1501
25542,-0.2094
25543,-0.2766
25544,-0.5025
25545,-0.5411
25551,-0.2435
25552,-0.2963
25553,-0.3570
25554,-0.5764
25555,-0.6085
31111,0.8707
31112,0.7988
31113,0.7191
31114,0.4806
31115,0.4295
31121,0.8264
31122,0.7609
31123,0.6877
31124,0.4557
31125,0.4111
31131,0.7260
31132,0.6671
31133,0.6004
31134,0.3749
31135,0.3368
31141,0.3919
31142,0.3395
31143,0.2793
31144,0.0603
31145,0.0287
31151,0.2985
31152,0.2526
31153,0.1989
31154,-0.0136
31155,-0.0387
31211,0.8010
31212,0.7291
31213,0.6494
31214,0.4108
31215,0.3597
31221,0.7566
31222,0.6912
31223,0.6180
31224,0.3860
31225,0.3413
31231,0.6563
31232,0.5974
31233,0.5307
31234,0.3052
31235,0.2671
31241,0.3222
31242,0.2698
31243,0.2096
31244,-0.0094
31245,-0.0410
31251,0.2288
31252,0.1829
31253,0.1292
31254,-0.0833
31255,-0.1085
31311,0.7436
31312,0.6717
31313,0.5920
31314,0.3535
31315,0.3024
31321,0.6992
31322,0.6338
31323,0.5606
31324,0.3286
31325,0.2840
31331,0.5989
31332,0.5400
31333,0.4733
31334,0.2478
31335,0.2097
31341,0.2648
31342,0.2124
31343,0.1522
31344,-0.0668
31345,-0.0984
31351,0.1714
31352,0.1255
31353,0.0718
31354,-0.1407
31355,-0.1658
31411,0.6245
31412,0.5526
31413,0.4729
31414,0.2344
31415,0.1833
31421,0.5801
31422,0.5147
31423,0.4415
31424,0.2095
31425,0.1649
31431,0.4798
31432,0.4209
31433,0.3542
31434,0.1287
31435,0.0906
31441,0.1457
31442,0.0933
31443,0.0331
31444,-0.1859
31445,-0.2175
31451,0.0523
31452,0.0064
31453,-0.0473
31454,-0.2598
31455,-0.2849
31511,0.5931
31512,0.5212
31513,0.4414
31514,0.2029
31515,0.1518
31521,0.5487
31522,0.4833
31523,0.4101
31524,0.1781
31525,0.1334
31531,0.4484
31532,0.3895
31533,0.3228
31534,0.0973
31535,0.0591
31541,0.1143
31542,0.0619
31543,0.0017
31544,-0.2173
31545,-0.2490
31551,0.0208
31552,-0.0250
31553,-0.0788
31554,-0.2913
31555,-0.3164
32111,0.8074
32112,0.7355
32113,0.6558
32114,0.4173
32115,0.3662
32121,0.7631
32122,0.6977
32123,0.6244
32124,0.3924
32125,0.3478
32131,0.6627
32132,0.6038
32133,0.5371
32134,0.3116
32135,0.2735
32141,0.3286
32142,0.2762
32143,0.2160
32144,-0.0030
32145,-0.0346
32151,0.2352
32152,0.1893
32153,0.1356
32154,-0.0769
32155,-0.1020
32211,0.7377
32212,0.6658
32213,0.5861
32214,0.3475
32215,0.2964
32221,0.6933
32222,0.6279
32223,0.5547
32224,0.3227
32225,0.2780
32231,0.5930
32232,0.5341
32233,0.4674
32234,0.2419
32235,0.2038
32241,0.2589
32242,0.2065
32243,0.1463
32244,-0.0727
32245,-0.1043
32251,0.1655
32252,0.1196
32253,0.0659
32254,-0.1466
32255,-0.1718
32311,0.6803
32312,0.6084
32313,0.5287
32314,0.2902
32315,0.2391
32321,0.6359
32322,0.5705
32323,0.4973
32324,0.2653
32325,0.2207
32331,0.5356
32332,0.4767
32333,0.4100
32334,0.1845
32335,0.1464
32341,0.2015
32342,0.1491
32343,0.0889
32344,-0.1301
32345,-0.1617
32351,0.1081
32352,0.0622
32353,0.0085
32354,-0.2040
32355,-0.2291
32411,0.5612
32412,0.4893
32413,0.4096
32414,0.1711
32415,0.1200
32421,0.5169
32422,0.4515
32423,0.3782
32424,0.1462
32425,0.1016
32431,0.4165
32432,0.3576
32433,0.2909
32434,0.0654
32435,0.0273
32441,0.0824
32442,0.0300
32443,-0.0302
32444,-0.2492
32445,-0.2808
32451,-0.0110
32452,-0.0569
32453,-0.1106
32454,-0.3231
32455,-0.3482
32511,0.5298
32512,0.4579
32513,0.3781
32514,0.1396
32515,0.0885
32521,0.4854
32522,0.4200
32523,0.3468
32524,0.1148
32525,0.0701
32531,0.3851
32532,0.3262
32533,0.2595
32534,0.0340
32535,-0.0042
32541,0.0510
32542,-0.0014
32543,-0.0616
32544,-0.2806
32545,-0.3123
32551,-0.0425
32552,-0.0883
32553,-0.1421
32554,-0.3546
32555,-0.3797
33111,0.7499
33112,0.6780
33113,0.5983
33114,0.3598
33115,0.3086
33121,0.7055
33122,0.6401
33123,0.5669
33124,0.3349
33125,0.2903
33131,0.6052
33132,0.5463
33133,0.4796
33134,0.2541
33135,0.2160
33141,0.2711
33142,0.2187
33143,0.1585
33144,-0.0605
33145,-0.0921
33151,0.1777
33152,0.1318
33153,0.0781
33154,-0.1344
33155,-0.1595
33211,0.6802
33212,0.6083
33213,0.5285
33214,0.2900
33215,0.2389
33221,0.6358
33222,0.5704
33223,0.4972
33224,0.2652
33225,0.2205
33231,0.5355
33232,0.4766
33233,0.4099
33234,0.1844
33235,0.1462
33241,0.2014
33242,0.1490
33243,0.0888
33244,-0.1302
33245,-0.1619
33251,0.1079
33252,0.0621
33253,0.0083
33254,-0.2042
33255,-0.2293
33311,0.6228
33312,0.5509
33313,0.4712
33314,0.2327
33315,0.1815
33321,0.5784
33322,0.5130
33323,0.4398
33324,0.2078
33325,0.1632
33331,0.4781
33332,0.4192
33333,0.3525
33334,0.1270
33335,0.0889
33341,0.1440
33342,0.0916
33343,0.0314
33344,-0.1876
33345,-0.2192
33351,0.0506
33352,0.0047
33353,-0.0490
33354,-0.2615
33355,-0.2866
33411,0.5037
33412,0.4318
33413,0.3521
33414,0.1136
33415,0.0624
33421,0.4593
33422,0.3939
33423,0.3207
33424,0.0887
33425,0.0441
33431,0.3590
33432,0.3001
33433,0.2334
33434,0.0079
33435,-0.0302
33441,0.0249
33442,-0.0275
33443,-0.0877
33444,-0.3067
33445,-0.3383
33451,-0.0685
33452,-0.1144
33453,-0.1681
33454,-0.3806
33455,-0.4057
33511,0.4723
33512,0.4004
33513,0.3206
33514,0.0821
33515,0.0310
33521,0.4279
33522,0.3625
33523,0.2892
33524,0.0572
33525,0.0126
33531,0.3276
33532,0.2687
33533,0.2019
33534,-0.0236
33535,-0.0617
33541,-0.0066
33542,-0.0589
33543,-0.1192
33544,-0.3382
33545,-0.3698
33551,-0.1000
33552,-0.1459
33553,-0.1996
33554,-0.4121
33555,-0.4372
34111,0.5968
34112,0.5249
34113,0.4452
34114,0.2066
34115,0.1555
34121,0.5524
34122,0.4870
34123,0.4138
34124,0.1818
34125,0.1371
34131,0.4521
34132,0.3932
34133,0.3265
34134,0.1010
34135,0.0629
34141,0.1180
34142,0.0656
34143,0.0054
34144,-0.2136
34145,-0.2452
34151,0.0246
34152,-0.0213
34153,-0.0750
34154,-0.2875
34155,-0.3127
34211,0.5271
34212,0.4552
34213,0.3754
34214,0.1369
34215,0.0858
34221,0.4827
34222,0.4173
34223,0.3440
34224,0.1120
34225,0.0674
34231,0.3824
34232,0.3235
34233,0.2567
34234,0.0312
34235,-0.0069
34241,0.0482
34242,-0.0042
34243,-0.0644
34244,-0.2834
34245,-0.3150
34251,-0.0452
34252,-0.0911
34253,-0.1448
34254,-0.3573
34255,-0.3824
34311,0.4697
34312,0.3978
34313,0.3181
34314,0.0795
34315,0.0284
34321,0.4253
34322,0.3599
34323,0.2867
34324,0.0547
34325,0.0100
34331,0.3250
34332,0.2661
34333,0.1994
34334,-0.0261
34335,-0.0643
34341,-0.0091
34342,-0.0615
34343,-0.1217
34344,-0.3407
34345,-0.3724
34351,-0.1025
34352,-0.1484
34353,-0.2021
34354,-0.4146
34355,-0.4398
34411,0.3506
34412,0.2787
34413,0.1990
34414,-0.0396
34415,-0.0907
34421,0.3062
34422,0.2408
34423,0.1676
34424,-0.0644
34425,-0.1091
34431,0.2059
34432,0.1470
34433,0.0803
34434,-0.1452
34435,-0.1833
34441,-0.1282
34442,-0.1806
34443,-0.2408
34444,-0.4598
34445,-0.4914
34451,-0.2216
34452,-0.2675
34453,-0.3212
34454,-0.5337
34455,-0.5589
34511,0.3191
34512,0.2472
34513,0.1675
34514,-0.0710
34515,-0.1221
34521,0.2747
34522,0.2093
34523,0.1361
34524,-0.0959
34525,-0.1405
34531,0.1744
34532,0.1155
34533,0.0488
34534,-0.1767
34535,-0.2148
34541,-0.1597
34542,-0.2121
34543,-0.2723
34544,-0.4913
34545,-0.5229
34551,-0.2531
34552,-0.2990
34553,-0.3527
34554,-0.5652
34555,-0.5903
35111,0.5423
35112,0.4704
35113,0.3907
35114,0.1521
35115,0.1010
35121,0.4979
35122,0.4325
35123,0.3593
35124,0.1273
35125,0.0826
35131,0.3976
35132,0.3387
35133,0.2720
35134,0.0465
35135,0.0084
35141,0.0635
35142,0.0111
35143,-0.0491
35144,-0.2681
35145,-0.2997
35151,-0.0299
35152,-0.0758
35153,-0.1295
35154,-0.3420
35155,-0.3672
35211,0.4726
35212,0.4007
35213,0.3209
35214,0.0824
35215,0.0313
35221,0.4282
35222,0.3628
35223,0.2895
35224,0.0575
35225,0.0129
35231,0.3279
35232,0.2690
35233,0.2022
35234,-0.0233
35235,-0.0614
35241,-0.0063
35242,-0.0586
35243,-0.1189
35244,-0.3379
35245,-0.3695
35251,-0.0997
35252,-0.1456
35253,-0.1993
35254,-0.4118
35255,-0.4369
35311,0.4152
35312,0.3433
35313,0.2636
35314,0.0250
35315,-0.0261
35321,0.3708
35322,0.3054
35323,0.2322
35324,0.0002
35325,-0.0445
35331,0.2705
35332,0.2116
35333,0.1449
35334,-0.0806
35335,-0.1187
35341,-0.0636
35342,-0.1160
35343,-0.1762
35344,-0.3952
35345,-0.4268
35351,-0.1570
35352,-0.2029
35353,-0.2566
35354,-0.4691
35355,-0.4943
35411,0.2961
35412,0.2242
35413,0.1445
35414,-0.0941
35415,-0.1452
35421,0.2517
35422,0.1863
35423,0.1131
35424,-0.1189
35425,-0.1636
35431,0.1514
35432,0.0925
35433,0.0258
35434,-0.1997
35435,-0.2378
35441,-0.1827
35442,-0.2351
35443,-0.2953
35444,-0.5143
35445,-0.5459
35451,-0.2761
35452,-0.3220
35453,-0.3757
35454,-0.5882
35455,-0.6134
35511,0.2646
35512,0.1927
35513,0.1130
35514,-0.1255
35515,-0.1766
35521,0.2203
35522,0.1549
35523,0.0816
35524,-0.1504
35525,-0.1950
35531,0.1199
35532,0.0610
35533,-0.0057
35534,-0.2312
35535,-0.2693
35541,-0.2142
35542,-0.2666
35543,-0.3268
35544,-0.5458
35545,-0.5774
35551,-0.3076
35552,-0.3535
35553,-0.4072
35554,-0.6197
35555,-0.6448
41111,0.6857
41112,0.6208
41113,0.5480
41114,0.3164
41115,0.2722
41121,0.6414
41122,0.5829
41123,0.5166
41124,0.2915
41125,0.2539
41131,0.5410
41132,0.4891
41133,0.4293
41134,0.2107
41135,0.1796
41141,0.2069
41142,0.1615
41143,0.1082
41144,-0.1039
41145,-0.1285
41151,0.1135
41152,0.0746
41153,0.0278
41154,-0.1778
41155,-0.1959
41211,0.6160
41212,0.5510
41213,0.4783
41214,0.2467
41215,0.2025
41221,0.5716
41222,0.5132
41223,0.4469
41224,0.2218
41225,0.1841
41231,0.4713
41232,0.4194
41233,0.3596
41234,0.1410
41235,0.1098
41241,0.1372
41242,0.0917
41243,0.0385
41244,-0.1736
41245,-0.1983
41251,0.0438
41252,0.0048
41253,-0.0420
41254,-0.2475
41255,-0.2657
41311,0.5586
41312,0.4937
41313,0.4209
41314,0.1893
41315,0.1451
41321,0.5143
41322,0.4558
41323,0.3895
41324,0.1644
41325,0.1268
41331,0.4139
41332,0.3620
41333,0.3022
41334,0.0836
41335,0.0525
41341,0.0798
41342,0.0344
41343,-0.0189
41344,-0.2310
41345,-0.2556
41351,-0.0136
41352,-0.0525
41353,-0.0993
41354,-0.3049
41355,-0.3230
41411,0.4395
41412,0.3746
41413,0.3018
41414,0.0702
41415,0.0260
41421,0.3952
41422,0.3367
41423,0.2704
41424,0.0453
41425,0.0077
41431,0.2948
41432,0.2429
41433,0.1831
41434,-0.0355
41435,-0.0666
41441,-0.0393
41442,-0.0847
41443,-0.1380
41444,-0.3501
41445,-0.3747
41451,-0.1327
41452,-0.1716
41453,-0.2184
41454,-0.4240
41455,-0.4421
41511,0.4081
41512,0.3431
41513,0.2703
41514,0.0388
41515,-0.0054
41521,0.3637
41522,0.3052
41523,0.2390
41524,0.0139
41525,-0.0238
41531,0.2634
41532,0.2114
41533,0.1517
41534,-0.0669
41535,-0.0981
41541,-0.0707
41542,-0.1162
41543,-0.1695
41544,-0.3815
41545,-0.4062
41551,-0.1642
41552,-0.2031
41553,-0.2499
41554,-0.4554
41555,-0.4736
42111,0.6224
42112,0.5575
42113,0.4847
42114,0.2531
42115,0.2089
42121,0.5781
42122,0.5196
42123,0.4533
42124,0.2282
42125,0.1906
42131,0.4778
42132,0.4258
42133,0.3660
42134,0.1474
42135,0.1163
42141,0.1436
42142,0.0982
42143,0.0449
42144,-0.1672
42145,-0.1918
42151,0.0502
42152,0.0113
42153,-0.0355
42154,-0.2411
42155,-0.2592
42211,0.5527
42212,0.4877
42213,0.4150
42214,0.1834
42215,0.1392
42221,0.5083
42222,0.4499
42223,0.3836
42224,0.1585
42225,0.1208
42231,0.4080
42232,0.3561
42233,0.2963
42234,0.0777
42235,0.0465
42241,0.0739
42242,0.0284
42243,-0.0248
42244,-0.2369
42245,-0.2616
42251,-0.0195
42252,-0.0585
42253,-0.1053
42254,-0.3108
42255,-0.3290
42311,0.4953
42312,0.4304
42313,0.3576
42314,0.1260
42315,0.0818
42321,0.4510
42322,0.3925
42323,0.3262
42324,0.1011
42325,0.0635
42331,0.3506
42332,0.2987
42333,0.2389
42334,0.0203
42335,-0.0108
42341,0.0165
42342,-0.0289
42343,-0.0822
42344,-0.2943
42345,-0.3189
42351,-0.0769
42352,-0.1158
42353,-0.1626
42354,-0.3682
42355,-0.3863
42411,0.3762
42412,0.3113
42413,0.2385
42414,0.0069
42415,-0.0373
42421,0.3319
42422,0.2734
42423,0.2071
42424,-0.0180
42425,-0.0556
42431,0.2315
42432,0.1796
42433,0.1198
42434,-0.0988
42435,-0.1299
42441,-0.1026
42442,-0.1480
42443,-0.2013
42444,-0.4134
42445,-0.4380
42451,-0.1960
42452,-0.2349
42453,-0.2817
42454,-0.4873
42455,-0.5054
42511,0.3448
42512,0.2798
42513,0.2070
42514,-0.0245
42515,-0.0687
42521,0.3004
42522,0.2419
42523,0.1757
42524,-0.0494
42525,-0.0871
42531,0.2001
42532,0.1481
42533,0.0884
42534,-0.1302
42535,-0.1614
42541,-0.1340
42542,-0.1795
42543,-0.2328
42544,-0.4448
42545,-0.4695
42551,-0.2275
42552,-0.2664
42553,-0.3132
42554,-0.5187
42555,-0.5369
43111,0.5649
43112,0.5000
43113,0.4272
43114,0.1956
43115,0.1514
43121,0.5205
43122,0.4621
43123,0.3958
43124,0.1707
43125,0.1330
43131,0.4202
43132,0.3683
43133,0.3085
43134,0.0899
43135,0.0588
43141,0.0861
43142,0.0407
43143,-0.0126
43144,-0.2247
43145,-0.2493
43151,-0.0073
43152,-0.0463
43153,-0.0930
43154,-0.2986
43155,-0.3168
43211,0.4952
43212,0.4302
43213,0.3574
43214,0.1259
43215,0.0817
43221,0.4508
43222,0.3923
43223,0.3261
43224,0.1010
43225,0.0633
43231,0.3505
43232,0.2985
43233,0.2388
43234,0.0202
43235,-0.0110
43241,0.0164
43242,-0.0291
43243,-0.0824
43244,-0.2944
43245,-0.3191
43251,-0.0771
43252,-0.1160
43253,-0.1628
43254,-0.3683
43255,-0.3865
43311,0.4378
43312,0.3729
43313,0.3001
43314,0.0685
43315,0.0243
43321,0.3934
43322,0.3350
43323,0.2687
43324,0.0436
43325,0.0059
43331,0.2931
43332,0.2412
43333,0.1814
43334,-0.0372
43335,-0.0684
43341,-0.0410
43342,-0.0864
43343,-0.1397
43344,-0.3518
43345,-0.3765
43351,-0.1344
43352,-0.1734
43353,-0.2201
43354,-0.4257
43355,-0.4439
43411,0.3187
43412,0.2538
43413,0.1810
43414,-0.0506
43415,-0.0948
43421,0.2743
43422,0.2159
43423,0.1496
43424,-0.0755
43425,-0.1132
43431,0.1740
43432,0.1221
43433,0.0623
43434,-0.1563
43435,-0.1875
43441,-0.1601
43442,-0.2055
43443,-0.2588
43444,-0.4709
43445,-0.4956
43451,-0.2535
43452,-0.2925
43453,-0.3392
43454,-0.5448
43455,-0.5630
43511,0.2873
43512,0.2223
43513,0.1495
43514,-0.0821
43515,-0.1262
43521,0.2429
43522,0.1844
43523,0.1181
43524,-0.1069
43525,-0.1446
43531,0.1426
43532,0.0906
43533,0.0308
43534,-0.1877
43535,-0.2189
43541,-0.1915
43542,-0.2370
43543,-0.2903
43544,-0.5023
43545,-0.5270
43551,-0.2850
43552,-0.3239
43553,-0.3707
43554,-0.5762
43555,-0.5944
44111,0.4118
44112,0.3468
44113,0.2741
44114,0.0425
44115,-0.0017
44121,0.3674
44122,0.3090
44123,0.2427
44124,0.0176
44125,-0.0201
44131,0.2671
44132,0.2152
44133,0.1554
44134,-0.0632
44135,-0.0944
44141,-0.0670
44142,-0.1125
44143,-0.1657
44144,-0.3778
44145,-0.4025
44151,-0.1604
44152,-0.1994
44153,-0.2462
44154,-0.4517
44155,-0.4699
44211,0.3421
44212,0.2771
44213,0.2043
44214,-0.0273
44215,-0.0715
44221,0.2977
44222,0.2392
44223,0.1729
44224,-0.0521
44225,-0.0898
44231,0.1974
44232,0.1454
44233,0.0856
44234,-0.1329
44235,-0.1641
44241,-0.1368
44242,-0.1822
44243,-0.2355
44244,-0.4475
44245,-0.4722
44251,-0.2302
44252,-0.2691
44253,-0.3159
44254,-0.5215
44255,-0.5396
44311,0.2847
44312,0.2197
44313,0.1469
44314,-0.0846
44315,-0.1288
44321,0.2403
44322,0.1819
44323,0.1156
44324,-0.1095
44325,-0.1472
44331,0.1400
44332,0.0880
44333,0.0283
44334,-0.1903
44335,-0.2215
44341,-0.1941
44342,-0.2396
44343,-0.2928
44344,-0.5049
44345,-0.5296
44351,-0.2875
44352,-0.3265
44353,-0.3733
44354,-0.5788
44355,-0.5970
44411,0.1656
44412,0.1006
44413,0.0279
44414,-0.2037
44415,-0.2479
44421,0.1212
44422,0.0628
44423,-0.0035
44424,-0.2286
44425,-0.2663
44431,0.0209
44432,-0.0310
44433,-0.0908
44434,-0.3094
44435,-0.3406
44441,-0.3132
44442,-0.3587
44443,-0.4119
44444,-0.6240
44445,-0.6487
44451,-0.4066
44452,-0.4456
44453,-0.4924
44454,-0.6979
44455,-0.7161
44511,0.1341
44512,0.0692
44513,-0.0036
44514,-0.2352
44515,-0.2794
44521,0.0898
44522,0.0313
44523,-0.0350
44524,-0.2601
44525,-0.2977
44531,-0.0106
44532,-0.0625
44533,-0.1223
44534,-0.3409
44535,-0.3720
44541,-0.3447
44542,-0.3901
44543,-0.4434
44544,-0.6555
44545,-0.6801
44551,-0.4381
44552,-0.4770
44553,-0.5238
44554,-0.7294
44555,-0.7475
45111,0.3573
45112,0.2923
45113,0.2196
45114,-0.0120
45115,-0.0562
45121,0.3129
45122,0.2545
45123,0.1882
45124,-0.0369
45125,-0.0746
45131,0.2126
45132,0.1607
45133,0.1009
45134,-0.1177
45135,-0.1489
45141,-0.1215
45142,-0.1670
45143,-0.2202
45144,-0.4323
45145,-0.4570
45151,-0.2149
45152,-0.2539
45153,-0.3006
45154,-0.5062
45155,-0.5244
45211,0.2876
45212,0.2226
45213,0.1498
45214,-0.0818
45215,-0.1260
45221,0.2432
45222,0.1847
45223,0.1184
45224,-0.1066
45225,-0.1443
45231,0.1429
45232,0.0909
45233,0.0311
45234,-0.1874
45235,-0.2186
45241,-0.1913
45242,-0.2367
45243,-0.2900
45244,-0.5020
45245,-0.5267
45251,-0.2847
45252,-0.3236
45253,-0.3704
45254,-0.5759
45255,-0.5941
45311,0.2302
45312,0.1652
45313,0.0925
45314,-0.1391
45315,-0.1833
45321,0.1858
45322,0.1274
45323,0.0611
45324,-0.1640
45325,-0.2017
45331,0.0855
45332,0.0336
45333,-0.0262
45334,-0.2448
45335,-0.2760
45341,-0.2486
45342,-0.2941
45343,-0.3473
45344,-0.5594
45345,-0.5841
45351,-0.3420
45352,-0.3810
45353,-0.4278
45354,-0.6333
45355,-0.6515
45411,0.1111
45412,0.0461
45413,-0.0266
45414,-0.2582
45415,-0.3024
45421,0.0667
45422,0.0083
45423,-0.0580
45424,-0.2831
45425,-0.3208
45431,-0.0336
45432,-0.0855
45433,-0.1453
45434,-0.3639
45435,-0.3951
45441,-0.3677
45442,-0.4132
45443,-0.4664
45444,-0.6785
45445,-0.7032
45451,-0.4611
45452,-0.5001
45453,-0.5469
45454,-0.7524
45455,-0.7706
45511,0.0796
45512,0.0147
45513,-0.0581
45514,-0.2897
45515,-0.3339
45521,0.0353
45522,-0.0232
45523,-0.0895
45524,-0.3146
45525,-0.3522
45531,-0.0651
45532,-0.1170
45533,-0.1768
45534,-0.3954
45535,-0.4265
45541,-0.3992
45542,-0.4446
45543,-0.4979
45544,-0.7100
45545,-0.7346
45551,-0.4926
45552,-0.5315
45553,-0.5783
45554,-0.7839
45555,-0.8020
51111,0.6094
51112,0.5513
51113,0.4855
51114,0.2609
51115,0.2236
51121,0.5650
51122,0.5135
51123,0.4541
51124,0.2360
51125,0.2052
51131,0.4647
51132,0.4197
51133,0.3668
51134,0.1552
51135,0.1310
51141,0.1306
51142,0.0920
51143,0.0457
51144,-0.1594
51145,-0.1771
51151,0.0371
51152,0.0051
51153,-0.0347
51154,-0.2333
51155,-0.2446
51211,0.5396
51212,0.4816
51213,0.4158
51214,0.1911
51215,0.1539
51221,0.4952
51222,0.4437
51223,0.3844
51224,0.1662
51225,0.1355
51231,0.3949
51232,0.3499
51233,0.2971
51234,0.0854
51235,0.0612
51241,0.0608
51242,0.0223
51243,-0.0240
51244,-0.2292
51245,-0.2469
51251,-0.0326
51252,-0.0646
51253,-0.1045
51254,-0.3031
51255,-0.3143
51311,0.4823
51312,0.4242
51313,0.3584
51314,0.1338
51315,0.0965
51321,0.4379
51322,0.3864
51323,0.3270
51324,0.1089
51325,0.0781
51331,0.3376
51332,0.2926
51333,0.2397
51334,0.0281
51335,0.0038
51341,0.0034
51342,-0.0351
51343,-0.0814
51344,-0.2865
51345,-0.3043
51351,-0.0900
51352,-0.1220
51353,-0.1618
51354,-0.3604
51355,-0.3717
51411,0.3632
51412,0.3051
51413,0.2393
51414,0.0147
51415,-0.0226
51421,0.3188
51422,0.2673
51423,0.2079
51424,-0.0102
51425,-0.0410
51431,0.2185
51432,0.1735
51433,0.1206
51434,-0.0910
51435,-0.1152
51441,-0.1157
51442,-0.1542
51443,-0.2005
51444,-0.4056
51445,-0.4233
51451,-0.2091
51452,-0.2411
51453,-0.2809
51454,-0.4795
51455,-0.4908
51511,0.3317
51512,0.2737
51513,0.2078
51514,-0.0168
51515,-0.0540
51521,0.2873
51522,0.2358
51523,0.1765
51524,-0.0417
51525,-0.0724
51531,0.1870
51532,0.1420
51533,0.0892
51534,-0.1225
51535,-0.1467
51541,-0.1471
51542,-0.1856
51543,-0.2320
51544,-0.4371
51545,-0.4548
51551,-0.2405
51552,-0.2725
51553,-0.3124
51554,-0.5110
51555,-0.5222
52111,0.5461
52112,0.4880
52113,0.4222
52114,0.1976
52115,0.1603
52121,0.5017
52122,0.4502
52123,0.3908
52124,0.1727
52125,0.1419
52131,0.4014
52132,0.3564
52133,0.3035
52134,0.0919
52135,0.0677
52141,0.0673
52142,0.0287
52143,-0.0176
52144,-0.2227
52145,-0.2404
52151,-0.0262
52152,-0.0582
52153,-0.0980
52154,-0.2966
52155,-0.3079
52211,0.4763
52212,0.4183
52213,0.3525
52214,0.1278
52215,0.0906
52221,0.4319
52222,0.3804
52223,0.3211
52224,0.1029
52225,0.0722
52231,0.3316
52232,0.2866
52233,0.2338
52234,0.0222
52235,-0.0021
52241,-0.0025
52242,-0.0410
52243,-0.0873
52244,-0.2925
52245,-0.3102
52251,-0.0959
52252,-0.1279
52253,-0.1677
52254,-0.3664
52255,-0.3776
52311,0.4190
52312,0.3609
52313,0.2951
52314,0.0705
52315,0.0332
52321,0.3746
52322,0.3231
52323,0.2637
52324,0.0456
52325,0.0148
52331,0.2743
52332,0.2293
52333,0.1764
52334,-0.0352
52335,-0.0594
52341,-0.0599
52342,-0.0984
52343,-0.1447
52344,-0.3498
52345,-0.3675
52351,-0.1533
52352,-0.1853
52353,-0.2251
52354,-0.4237
52355,-0.4350
52411,0.2999
52412,0.2418
52413,0.1760
52414,-0.0486
52415,-0.0859
52421,0.2555
52422,0.2040
52423,0.1446
52424,-0.0735
52425,-0.1043
52431,0.1552
52432,0.1102
52433,0.0573
52434,-0.1543
52435,-0.1785
52441,-0.1789
52442,-0.2175
52443,-0.2638
52444,-0.4689
52445,-0.4866
52451,-0.2724
52452,-0.3044
52453,-0.3442
52454,-0.5428
52455,-0.5541
52511,0.2684
52512,0.2104
52513,0.1445
52514,-0.0801
52515,-0.1173
52521,0.2240
52522,0.1725
52523,0.1132
52524,-0.1050
52525,-0.1357
52531,0.1237
52532,0.0787
52533,0.0259
52534,-0.1858
52535,-0.2100
52541,-0.2104
52542,-0.2489
52543,-0.2953
52544,-0.5004
52545,-0.5181
52551,-0.3038
52552,-0.3358
52553,-0.3757
52554,-0.5743
52555,-0.5855
53111,0.4886
53112,0.4305
53113,0.3647
53114,0.1400
53115,0.1028
53121,0.4442
53122,0.3926
53123,0.3333
53124,0.1152
53125,0.0844
53131,0.3439
53132,0.2988
53133,0.2460
53134,0.0344
53135,0.0101
53141,0.0097
53142,-0.0288
53143,-0.0751
53144,-0.2802
53145,-0.2980
53151,-0.0837
53152,-0.1157
53153,-0.1555
53154,-0.3541
53155,-0.3654
53211,0.4188
53212,0.3608
53213,0.2949
53214,0.0703
53215,0.0331
53221,0.3744
53222,0.3229
53223,0.2636
53224,0.0454
53225,0.0147
53231,0.2741
53232,0.2291
53233,0.1763
53234,-0.0354
53235,-0.0596
53241,-0.0600
53242,-0.0985
53243,-0.1449
53244,-0.3500
53245,-0.3677
53251,-0.1534
53252,-0.1854
53253,-0.2253
53254,-0.4239
53255,-0.4351
53311,0.3614
53312,0.3034
53313,0.2376
53314,0.0129
53315,-0.0243
53321,0.3171
53322,0.2655
53323,0.2062
53324,-0.0119
53325,-0.0427
53331,0.2167
53332,0.1717
53333,0.1189
53334,-0.0927
53335,-0.1170
53341,-0.1174
53342,-0.1559
53343,-0.2022
53344,-0.4073
53345,-0.4251
53351,-0.2108
53352,-0.2428
53353,-0.2826
53354,-0.4812
53355,-0.4925
53411,0.2424
53412,0.1843
53413,0.1185
53414,-0.1062
53415,-0.1434
53421,0.1980
53422,0.1464
53423,0.0871
53424,-0.1310
53425,-0.1618
53431,0.0977
53432,0.0526
53433,-0.0002
53434,-0.2118
53435,-0.2361
53441,-0.2365
53442,-0.2750
53443,-0.3213
53444,-0.5264
53445,-0.5442
53451,-0.3299
53452,-0.3619
53453,-0.4017
53454,-0.6003
53455,-0.6116
53511,0.2109
53512,0.1529
53513,0.0870
53514,-0.1376
53515,-0.1749
53521,0.1665
53522,0.1150
53523,0.0556
53524,-0.1625
53525,-0.1932
53531,0.0662
53532,0.0212
53533,-0.0317
53534,-0.2433
53535,-0.2675
53541,-0.2679
53542,-0.3064
53543,-0.3528
53544,-0.5579
53545,-0.5756
53551,-0.3613
53552,-0.3934
53553,-0.4332
53554,-0.6318
53555,-0.6430
54111,0.3354
54112,0.2774
54113,0.2116
54114,-0.0131
54115,-0.0503
54121,0.2910
54122,0.2395
54123,0.1802
54124,-0.0380
54125,-0.0687
54131,0.1907
54132,0.1457
54133,0.0929
54134,-0.1187
54135,-0.1430
54141,-0.1434
54142,-0.1819
54143,-0.2282
54144,-0.4334
54145,-0.4511
54151,-0.2368
54152,-0.2688
54153,-0.3086
54154,-0.5073
54155,-0.5185
54211,0.2657
54212,0.2077
54213,0.1418
54214,-0.0828
54215,-0.1201
54221,0.2213
54222,0.1698
54223,0.1104
54224,-0.1077
54225,-0.1384
54231,0.1210
54232,0.0760
54233,0.0231
54234,-0.1885
54235,-0.2127
54241,-0.2131
54242,-0.2516
54243,-0.2980
54244,-0.5031
54245,-0.5208
54251,-0.3066
54252,-0.3386
54253,-0.3784
54254,-0.5770
54255,-0.5882
54311,0.2083
54312,0.1503
54313,0.0845
54314,-0.1402
54315,-0.1774
54321,0.1639
54322,0.1124
54323,0.0531
54324,-0.1651
54325,-0.1958
54331,0.0636
54332,0.0186
54333,-0.0342
54334,-0.2459
54335,-0.2701
54341,-0.2705
54342,-0.3090
54343,-0.3553
54344,-0.5605
54345,-0.5782
54351,-0.3639
54352,-0.3959
54353,-0.4358
54354,-0.6344
54355,-0.6456
54411,0.0892
54412,0.0312
54413,-0.0346
54414,-0.2593
54415,-0.2965
54421,0.0448
54422,-0.0067
54423,-0.0660
54424,-0.2842
54425,-0.3149
54431,-0.0555
54432,-0.1005
54433,-0.1533
54434,-0.3650
54435,-0.3892
54441,-0.3896
54442,-0.4281
54443,-0.4744
54444,-0.6796
54445,-0.6973
54451,-0.4830
54452,-0.5150
54453,-0.5548
54454,-0.7535
54455,-0.7647
54511,0.0578
54512,-0.0003
54513,-0.0661
54514,-0.2907
54515,-0.3280
54521,0.0134
54522,-0.0381
54523,-0.0975
54524,-0.3156
54525,-0.3464
54531,-0.0869
54532,-0.1319
54533,-0.1848
54534,-0.3964
54535,-0.4206
54541,-0.4210
54542,-0.4596
54543,-0.5059
54544,-0.7110
54545,-0.7287
54551,-0.5145
54552,-0.5465
54553,-0.5863
54554,-0.7849
54555,-0.7962
55111,0.2809
55112,0.2229
55113,0.1571
55114,-0.0676
55115,-0.1048
55121,0.2365
55122,0.1850
55123,0.1257
55124,-0.0925
55125,-0.1232
55131,0.1362
55132,0.0912
55133,0.0384
55134,-0.1732
55135,-0.1975
55141,-0.1979
55142,-0.2364
55143,-0.2827
55144,-0.4879
55145,-0.5056
55151,-0.2913
55152,-0.3233
55153,-0.3631
55154,-0.5618
55155,-0.5730
55211,0.2112
55212,0.1532
55213,0.0873
55214,-0.1373
55215,-0.1746
55221,0.1668
55222,0.1153
55223,0.0559
55224,-0.1622
55225,-0.1929
55231,0.0665
55232,0.0215
55233,-0.0314
55234,-0.2430
55235,-0.2672
55241,-0.2676
55242,-0.3061
55243,-0.3525
55244,-0.5576
55245,-0.5753
55251,-0.3611
55252,-0.3931
55253,-0.4329
55254,-0.6315
55255,-0.6427
55311,0.1538
55312,0.0958
55313,0.0300
55314,-0.1947
55315,-0.2319
55321,0.1094
55322,0.0579
55323,-0.0014
55324,-0.2196
55325,-0.2503
55331,0.0091
55332,-0.0359
55333,-0.0887
55334,-0.3004
55335,-0.3246
55341,-0.3250
55342,-0.3635
55343,-0.4098
55344,-0.6150
55345,-0.6327
55351,-0.4184
55352,-0.4504
55353,-0.4902
55354,-0.6889
55355,-0.7001
55411,0.0347
55412,-0.0233
55413,-0.0891
55414,-0.3138
55415,-0.3510
55421,-0.0097
55422,-0.0612
55423,-0.1205
55424,-0.3387
55425,-0.3694
55431,-0.1100
55432,-0.1550
55433,-0.2078
55434,-0.4194
55435,-0.4437
55441,-0.4441
55442,-0.4826
55443,-0.5289
55444,-0.7341
55445,-0.7518
55451,-0.5375
55452,-0.5695
55453,-0.6093
55454,-0.8080
55455,-0.8192
55511,0.0033
55512,-0.0548
55513,-0.1206
55514,-0.3452
55515,-0.3825
55521,-0.0411
55522,-0.0926
55523,-0.1520
55524,-0.3701
55525,-0.4009
55531,-0.1414
55532,-0.1864
55533,-0.2393
55534,-0.4509
55535,-0.4751
55541,-0.4755
55542,-0.5141
55543,-0.5604
55544,-0.7655
55545,-0.7832
55551,-0.5690
55552,-0.6010
55553,-0.6408
55554,-0.8394
55555,-0.8507
